round,epsilon,score,steps,coins,invalid_actions,killed_self,loss,total_reward,bombs,suicidal_bombs
1,0.0,2,208,2,3,0,0.0,53.2,26,0
2,0.0,2,85,2,0,1,0.0,15.7,11,0
3,0.0,2,52,2,0,1,0.0,8.9,6,0
4,0.0,3,249,3,9,1,0.0,58.8,30,0
5,0.0,0,67,0,0,1,0.0,6.4,9,0
6,0.0,0,78,0,0,0,0.0,12.55,10,0
7,0.0,2,55,2,0,0,0.0,13.7,7,0
8,0.0,0,7,0,0,1,0.0,-8.85,1,0
9,0.0,1,128,1,1,0,0.0,26.8,17,0
10,0.0,2,43,2,3,1,0.0,6.35,5,0
11,0.0,1,34,1,0,1,0.0,0.95,4,0
12,0.0,2,61,2,1,1,0.0,11.7,8,0
13,0.0,0,13,0,1,1,0.0,-6.85,2,0
14,0.0,0,14,0,0,1,0.0,-5.8,2,0
15,0.0,1,59,1,1,1,0.0,6.2,7,0
16,0.0,1,93,1,0,0,0.0,20.15,12,0
17,0.0,1,129,1,1,0,0.0,26.95,16,0
18,0.0,6,124,1,0,0,0.0,33.0,14,0
19,0.0,1,68,1,1,1,0.0,10.65,9,0
20,0.0,2,66,2,0,0,0.0,21.0,8,0
21,0.0,3,113,3,0,0,0.0,31.75,14,0
22,0.0,2,146,2,3,0,0.0,37.3,19,0
23,0.0,1,72,2,0,0,0.0,17.85,9,0
24,0.0,3,56,4,0,0,0.0,21.5,7,0
25,0.0,1,60,1,0,1,0.0,8.5,8,0
26,0.0,1,36,1,0,1,0.0,0.15,5,0
27,0.0,0,36,0,0,1,0.0,-0.65,5,0
28,0.0,0,54,0,2,0,0.0,7.15,8,0
29,0.0,3,117,3,3,1,0.0,23.75,14,0
30,0.0,0,7,0,0,1,0.0,-8.3,1,0
31,0.0,5,115,0,0,1,0.0,26.95,15,0
32,0.0,1,82,1,0,0,0.0,17.65,11,0
33,0.0,1,401,1,2,0,0.0,104.75,47,0
34,0.0,2,34,2,0,1,0.0,4.5,4,0
35,0.0,5,128,5,4,1,0.0,32.05,17,0
36,0.0,0,303,0,10,0,0.0,62.95,35,0
37,0.0,0,7,0,0,1,0.0,-8.85,1,0
38,0.0,0,94,0,2,0,0.0,17.4,13,0
39,0.0,2,53,2,0,1,0.0,9.3,6,0
40,0.0,2,401,2,2,0,0.0,84.85,51,0
41,0.0,0,62,0,0,0,0.0,9.75,8,0
42,0.0,2,401,2,0,0,0.0,85.05,53,0
43,0.0,1,81,1,1,0,0.0,18.15,10,0
44,0.0,1,19,1,0,1,0.0,-3.55,2,0
45,0.0,0,166,0,2,1,0.0,20.9,22,0
46,0.0,2,111,2,0,0,0.0,27.1,15,0
47,0.0,1,78,1,2,1,0.0,11.2,10,0
48,0.0,1,50,1,0,0,0.0,10.25,6,0
49,0.0,3,104,3,5,0,0.0,32.0,12,0
50,0.0,0,67,0,2,0,0.0,11.9,9,0
51,0.0,2,121,2,5,1,0.0,18.65,16,1
52,0.0,3,146,3,1,0,0.0,39.25,17,0
53,0.0,2,76,2,2,0,0.0,18.8,9,0
54,0.0,2,57,2,1,0,0.0,15.35,7,0
55,0.0,2,248,2,0,0,0.0,61.05,28,0
56,0.0,2,379,2,4,0,0.0,100.65,45,0
57,0.0,0,7,0,0,1,0.0,-8.9,1,0
58,0.0,2,177,2,0,0,0.0,50.95,22,0
59,0.0,1,182,1,1,1,0.0,33.45,21,0
60,0.0,0,7,0,0,1,0.0,-8.85,1,0
61,0.0,8,119,3,1,0,0.0,40.9,14,0
62,0.0,5,401,5,4,0,0.0,106.25,51,0
63,0.0,0,24,0,0,1,0.0,-4.3,3,0
64,0.0,6,401,6,0,0,0.0,98.65,50,0
65,0.0,8,401,3,12,0,0.0,110.85,46,0
66,0.0,0,7,0,0,1,0.0,-8.85,1,0
67,0.0,2,86,2,1,0,0.0,19.45,10,0
68,0.0,0,60,0,0,0,0.0,9.15,7,0
69,0.0,11,309,1,3,0,0.0,99.55,38,0
70,0.0,1,38,1,0,0,0.0,8.8,5,0
71,0.0,2,156,2,0,1,0.0,31.05,19,0
72,0.0,3,134,3,0,0,0.0,41.75,17,0
73,0.0,1,117,1,3,0,0.0,28.6,15,0
74,0.0,7,244,2,4,0,0.0,69.2,27,0
75,0.0,0,43,0,1,1,0.0,-0.45,6,0
76,0.0,1,53,1,2,0,0.0,14.25,8,0
77,0.0,7,174,2,3,0,0.0,55.25,19,0
78,0.0,3,401,3,0,0,0.0,94.05,52,0
79,0.0,1,62,1,3,0,0.0,12.3,9,0
80,0.0,1,84,1,1,1,0.0,14.9,11,0
81,0.0,4,109,4,5,1,0.0,26.05,13,0
82,0.0,0,7,0,0,1,0.0,-8.9,1,0
83,0.0,0,20,0,1,1,0.0,-4.65,3,0
84,0.0,2,401,2,0,0,0.0,89.4,52,0
85,0.0,3,234,3,2,0,0.0,63.7,28,0
86,0.0,0,28,0,0,1,0.0,-3.65,4,0
87,0.0,2,165,2,1,0,0.0,42.55,19,0
88,0.0,2,178,2,1,0,0.0,45.3,21,0
89,0.0,0,48,0,2,1,0.0,0.05,7,0
90,0.0,2,401,2,1,0,0.0,88.4,51,0
91,0.0,5,104,5,1,0,0.0,35.6,11,0
92,0.0,1,24,2,0,0,0.0,7.45,2,0
93,0.0,8,258,3,0,1,0.0,69.5,29,0
94,0.0,8,314,3,3,0,0.0,93.7,39,0
95,0.0,6,162,1,0,0,0.0,45.65,19,0
96,0.0,1,25,1,1,1,0.0,-1.75,3,0
97,0.0,1,45,1,2,1,0.0,4.15,6,0
98,0.0,2,54,2,2,0,0.0,13.1,7,0
99,0.0,0,38,0,0,0,0.0,5.3,5,0
100,0.0,0,54,0,1,0,0.0,8.35,7,0
101,0.0,1,83,1,0,0,0.0,17.95,10,0
102,0.0,4,157,4,2,1,0.0,39.85,18,0
103,0.0,1,87,1,0,1,0.0,11.2,12,0
104,0.0,0,73,0,0,1,0.0,4.25,9,0
105,0.0,0,5,0,0,1,0.0,-8.35,1,0
106,0.0,0,87,0,2,1,0.0,8.1,11,0
107,0.0,1,13,1,0,1,0.0,-3.05,2,0
108,0.0,0,38,0,0,0,0.0,4.1,6,0
109,0.0,0,50,0,1,1,0.0,2.2,7,0
110,0.0,1,47,1,0,1,0.0,4.8,6,0
111,0.0,0,80,0,2,0,0.0,13.6,10,0
112,0.0,1,27,1,0,1,0.0,-1.2,3,0
113,0.0,2,53,2,1,1,0.0,9.0,7,0
114,0.0,2,362,2,2,0,0.0,84.55,43,0
115,0.0,6,211,1,2,1,0.0,60.35,27,0
116,0.0,2,249,2,2,0,0.0,64.05,29,0
117,0.0,0,31,0,0,0,0.0,3.45,5,0
118,0.0,0,51,0,1,1,0.0,0.85,7,0
119,0.0,2,69,2,0,1,0.0,11.65,8,0
120,0.0,1,79,1,3,1,0.0,9.9,10,0
121,0.0,0,36,0,0,1,0.0,-0.1,5,0
122,0.0,2,281,2,3,0,0.0,69.35,34,0
123,0.0,0,12,0,0,1,0.0,-7.4,2,0
124,0.0,0,13,0,1,1,0.0,-7.5,2,0
125,0.0,0,13,0,0,1,0.0,-5.95,2,0
126,0.0,1,157,1,4,0,0.0,33.1,18,0
127,0.0,5,95,5,1,0,0.0,33.5,11,0
128,0.0,3,121,3,3,1,0.0,23.2,14,0
129,0.0,1,310,1,1,1,0.0,60.95,37,0
130,0.0,3,231,3,3,0,0.0,53.5,26,0
131,0.0,0,35,0,0,1,0.0,-2.0,5,0
132,0.0,0,43,0,2,1,0.0,-1.3,6,0
133,0.0,0,7,0,0,1,0.0,-8.25,1,0
134,0.0,0,12,0,0,1,0.0,-6.55,2,0
135,0.0,5,57,0,0,1,0.0,13.6,8,0
136,0.0,6,109,1,0,0,0.0,35.8,15,0
137,0.0,2,230,2,2,0,0.0,56.55,26,0
138,0.0,0,7,0,0,1,0.0,-8.85,1,0
139,0.0,9,374,4,19,0,0.0,101.8,45,0
140,0.0,1,80,1,1,1,0.0,11.65,10,0
141,0.0,0,7,0,0,1,0.0,-8.9,1,0
142,0.0,1,59,1,0,1,0.0,7.85,8,0
143,0.0,0,7,0,0,1,0.0,-8.95,1,0
144,0.0,0,29,0,0,1,0.0,-3.9,4,0
145,0.0,4,295,4,7,0,0.0,75.05,37,0
146,0.0,3,88,3,1,0,0.0,23.75,11,0
147,0.0,1,244,1,3,0,0.0,50.4,32,0
148,0.0,2,151,2,3,1,0.0,25.1,20,0
149,0.0,4,401,4,1,0,0.0,90.8,50,0
150,0.0,5,212,5,1,1,0.0,52.4,24,0
151,0.0,0,173,0,3,0,0.0,31.8,20,0
152,0.0,3,210,3,2,0,0.0,55.35,24,0
153,0.0,1,33,1,0,1,0.0,0.35,4,0
154,0.0,1,72,1,1,0,0.0,16.15,10,0
155,0.0,6,105,1,7,1,0.0,25.55,14,0
156,0.0,1,32,1,0,1,0.0,-0.2,4,0
157,0.0,0,12,0,0,1,0.0,-6.9,2,0
158,0.0,3,210,3,2,1,0.0,47.5,23,0
159,0.0,0,201,0,1,0,0.0,50.75,27,0
160,0.0,1,53,1,0,0,0.0,14.2,7,0
161,0.0,0,7,0,0,1,0.0,-8.3,1,0
162,0.0,2,302,2,5,1,0.0,66.75,39,0
163,0.0,0,73,0,1,0,0.0,15.9,10,0
164,0.0,1,42,1,1,0,0.0,9.3,6,0
165,0.0,4,115,4,0,1,0.0,32.0,13,0
166,0.0,3,155,3,1,1,0.0,34.75,17,0
167,0.0,0,7,0,0,1,0.0,-8.85,1,0
168,0.0,6,228,1,1,0,0.0,68.85,28,0
169,0.0,1,83,1,4,0,0.0,14.25,11,1
170,0.0,2,50,2,0,1,0.0,7.35,7,0
171,0.0,2,401,2,6,0,0.0,110.0,47,0
172,0.0,3,401,3,2,0,0.0,90.2,52,0
173,0.0,7,119,2,0,1,0.0,30.3,15,0
174,0.0,0,7,0,0,1,0.0,-8.3,1,0
175,0.0,0,12,0,1,1,0.0,-6.75,2,0
176,0.0,1,354,1,7,1,0.0,78.65,44,0
177,0.0,3,172,3,1,1,0.0,42.35,23,0
178,0.0,1,78,1,0,0,0.0,17.75,9,0
179,0.0,0,133,0,3,1,0.0,22.15,18,0
180,0.0,6,216,1,1,0,0.0,61.1,26,0
181,0.0,3,93,3,0,0,0.0,26.9,11,0
182,0.0,1,34,1,0,1,0.0,-0.25,4,0
183,0.0,0,13,0,0,1,0.0,-7.0,2,0
184,0.0,1,122,1,0,0,0.0,25.1,14,0
185,0.0,2,63,2,1,0,0.0,16.55,8,0
186,0.0,1,154,1,0,0,0.0,32.25,20,0
187,0.0,0,32,0,0,0,0.0,3.3,4,0
188,0.0,0,50,0,0,0,0.0,6.95,7,0
189,0.0,1,44,1,2,1,0.0,2.85,6,0
190,0.0,1,81,1,1,0,0.0,19.3,10,0
191,0.0,5,401,5,20,0,0.0,118.95,50,0
192,0.0,2,151,2,2,1,0.0,26.55,18,0
193,0.0,1,76,1,0,1,0.0,10.6,10,0
194,0.0,0,50,0,2,1,0.0,-0.8,7,0
195,0.0,1,79,1,0,0,0.0,17.7,10,0
196,0.0,2,67,2,0,0,0.0,18.15,7,0
197,0.0,13,401,3,7,0,0.0,136.45,51,0
198,0.0,1,105,1,0,0,0.0,22.3,13,0
199,0.0,5,183,0,0,0,0.0,51.6,22,0
200,0.0,2,95,2,0,1,0.0,18.05,12,0
